pdb_id,ligand_ccd,ligand_smiles,ligand_mw,resolution,release_year,msa_reuse_ok,msa_match_method,tanimoto_max_train,nearest_train_ligand,tanimoto_max_val,nearest_val_ligand,cand_cluster
5sgo,IYA,CC(=O)Nc1cccc(c1)OCCCOc2c3c(csc3ncn2)c4ccc(cc4)F,437.487,2.3,2022,True,exact_substring,0.061855670103092786,5si5,0.056074766355140186,5sju,82
5sjg,K2L,Cc1cnc(n2c1nc(n2)CCc3nc(cn3C)N4CCCC4=O)C,339.395,1.97,2022,True,exact_substring,0.10784313725490197,5si8,0.09090909090909091,5shr,2
5sgx,IZH,Cc1cnc(n2c1nc(n2)CCc3nc(nn3C)N4CCCC4C(F)(F)F)C,394.397,1.93,2022,True,exact_substring,0.10588235294117647,5siq,0.09574468085106383,5sh8,2
3wi2,P98,CC(C)c1nc2ccc(cc2n1c3ccccc3)OCc4ccc5ccccc5n4,393.48,2.26,2013,True,exact_substring_no_tag,0.0625,5sgl,0.04807692307692308,5sku,11
3ws8,X4C,Cc1ccc2c(c1)nc(n2c3ccccc3)CCc4nc(c5n4cccn5)C,367.446,2.6,2014,True,exact_substring_no_tag,0.044444444444444446,5si5,0.047619047619047616,5sf4,42
3ws9,X4D,Cc1ccc2c(c1)nc(n2c3ccccc3)CCc4ncc5n4nccc5,353.42,2.99,2014,True,exact_substring_no_tag,0.056179775280898875,5si5,0.057692307692307696,5sf4,42
4ael,4HN,CCOc1ccccc1c2ccc(cc2)c3c(c(c4cnccc4n3)O)C#N,367.4,2.2,2012,True,exact_substring_no_tag,0.10227272727272728,5si5,0.06666666666666667,5sku,30
4dff,0JP,COc1cc2c(cc1OC)-c3c(ncn3CC2)c4cncs4,313.374,2.11,2012,True,exact_substring_no_tag,0.08333333333333333,5si5,0.058823529411764705,5shr,81
4fcb,0T7,CCCc1nc(c2n1c3ccc(cc3nc2C)OCc4ccc5ccccc5n4)C,396.484,2.1,2012,True,exact_substring_no_tag,0.07777777777777778,5si5,0.04672897196261682,5sku,11
4fcd,0T6,Cc1c2nnc3c(n2c(n1)c4ccccc4Cl)cc(cc3OC)OC,354.79,2.02,2012,True,exact_substring_no_tag,0.045454545454545456,5si5,0.038834951456310676,5sku,12
4lkq,1XM,c1c2c([nH]n1)NC(=S)N=C2N,167.192,1.62,2014,True,exact_substring_no_tag,0.04285714285714286,5si5,0.02702702702702703,5sea,80
4llj,1XN,c1ccc2c(c1)c([nH]c2N)N,147.177,1.56,2014,True,exact_substring_no_tag,0.029411764705882353,5siy,0.02666666666666667,5sku,79
4llk,MEW,CC1=Nc2ccccc2C(=O)N1,160.173,1.55,2014,True,exact_substring_no_tag,0.04838709677419355,5siq,0.03571428571428571,5sku,78
4llp,4ZE,Cc1cc(ccc1O)N,123.152,1.75,2014,True,exact_substring_no_tag,0.0379746835443038,5si8,0.04285714285714286,5sfg,41
4llx,5ZE,Cc1cc(nc(n1)N)C,123.156,1.75,2014,True,exact_substring_no_tag,0.02631578947368421,5si8,0.02666666666666667,5sku,27
4lm0,5NI,c1cc2c(cc1[N+](=O)[O-])cn[nH]2,163.133,1.66,2014,True,exact_substring_no_tag,0.03076923076923077,5si7,0.04477611940298507,5shk,40
4lm1,7ZE,c1cc2c(cccn2)c(c1)[N+](=O)[O-],174.156,1.6,2014,True,exact_substring_no_tag,0.025,5siy,0.0125,5sfg,39
4lm2,8ZE,c1cc2c(cc1CO)OCCO2,166.174,1.55,2014,True,exact_substring_no_tag,0.06172839506172839,5si8,0.06493506493506493,5se0,31
4lm4,JPZ,c1ccc2c(c1)C(=O)N=CN2,146.146,1.48,2014,True,exact_substring_no_tag,0.04411764705882353,5sig,0.029850746268656716,5shr,37
4mrw,MRW,c1cc2c(ccnc2cc1Cl)O,179.603,1.96,2014,True,exact_substring_no_tag,0.02564102564102564,5sgl,0.025974025974025976,5sfg,17
4mrz,2ZV,Cc1ccnc(c1[N+](=O)[O-])N,153.139,1.58,2014,True,exact_substring_no_tag,0.03488372093023256,5si8,0.025974025974025976,5sjl,77
4ms0,2ZX,c1c(nc(nc1Cl)N)N,144.562,1.79,2014,True,exact_substring_no_tag,0.015384615384615385,5sih,0.03225806451612903,5shr,27
4msa,2ZM,c1cc2c(cc1[N+](=O)[O-])nc[nH]2,163.133,1.62,2014,True,exact_substring_no_tag,0.0410958904109589,5sig,0.029411764705882353,5shk,40
4msc,2ZT,c1ccc2c(c1)ccc(n2)COc3ccc4cccnc4c3,286.327,2.47,2014,True,exact_substring_no_tag,0.047619047619047616,5sgl,0.04395604395604396,5sku,11
4mse,2ZU,Cc1nc2cc(ccc2s1)OCc3ccc4ccccc4n3,306.382,2.81,2014,True,exact_substring_no_tag,0.06097560975609756,5si5,0.04081632653061224,5sku,11
4msh,2D0,c1cc2c(c(c1)Cl)nc(s2)N,184.646,2.3,2014,True,exact_substring_no_tag,0.028169014084507043,5sig,0.025,5sju,76
4msn,2ZQ,c1cc2cccnc2c(c1)[N+](=O)[O-],174.156,2.3,2014,True,exact_substring_no_tag,0.0136986301369863,5sih,0.012658227848101266,5sfg,39
4xy2,490,Cn1cc(c(n1)COc2ccc(cc2)c3cccc4c3ncn4C)C5=CN(C(=O)C=C5)C,425.482,2.03,2015,True,exact_substring_no_tag,0.053763440860215055,5si5,0.043010752688172046,5shr,11
5c1w,4XS,Cc1c(nc(nc1Cl)C2CC2)Cl,203.069,1.7,2015,True,exact_substring_no_tag,0.08695652173913043,5siy,0.07352941176470588,5sjl,14
5c28,4XV,Cc1c(nc(nc1Cl)C2CC2)N,183.638,1.56,2015,True,exact_substring_no_tag,0.08641975308641975,5si8,0.08333333333333333,5sjl,14
5c29,4XY,CCCNc1c(c(nc(n1)C2CC2)Cl)C,225.718,2.05,2015,True,exact_substring_no_tag,0.11267605633802817,5si5,0.0975609756097561,5sfl,14
5c2a,4Y2,Cc1c(nc(nc1Cl)C2CC2)NCc3c(nc(s3)C)C,308.83,2.0,2015,True,exact_substring_no_tag,0.07777777777777778,5sdy,0.0898876404494382,5sfl,14
5dh5,5AY,Cn1cc(cn1)CNc2cc(nc3n2ncc3)OCC4CC4c5ccccn5,375.427,2.0,2016,True,exact_substring_no_tag,0.09009009009009009,5si8,0.08080808080808081,5sh0,75
5sdw,IAL,Cn1c(c(cn1)C(=O)N(C)C)C(=O)Nc2ccc3c(c2)nc([nH]3)c4ccccc4,388.423,2.35,2022,True,exact_substring,0.08737864077669903,5sdy,0.07339449541284404,5sf4,1
5sdx,IAY,Cn1cc(nc1C=Cc2cccc(n2)N3CCOCC3)c4ccccc4,346.426,2.19,2022,True,exact_substring,0.10309278350515463,5si8,0.0625,5sko,10
5se1,IBV,Cn1cc(c(n1)C(=O)N(C)C)NC(=O)c2c(ccc(n2)C3CC3)Nc4cncnc4,406.441,2.3,2022,True,exact_substring,0.1188118811881188,5sdy,0.102803738317757,5sf4,5
5se2,IBY,Cn1cc(nc1CCc2ccc3ccccc3n2)c4ccccc4,313.396,2.2,2022,True,exact_substring,0.06382978723404255,5si8,0.07792207792207792,5shr,0
5se3,ICK,c1ccc(cc1)c2nc3cc(ccn3n2)NC(=O)c4ccnc(c4)Cl,349.774,2.14,2022,True,exact_substring,0.044444444444444446,5si5,0.052083333333333336,5sfg,8
5se6,IEB,Cc1nc2c(c(n1)OCc3nc(cn3C)c4ccccc4)ncn2C,334.375,1.95,2022,True,exact_substring,0.05813953488372093,5si5,0.058823529411764705,5shr,4
5se9,ID9,Cc1c(n2c(n1)ccc(n2)OCc3nc(cn3C)c4ccccc4)C,333.387,1.94,2022,True,exact_substring,0.06976744186046512,5si5,0.07058823529411765,5shr,4
5seb,IF2,Cc1c(nc2ccccc2n1)CCc3nc(nn3C)N4CCCC4,322.407,2.28,2022,True,exact_substring,0.08108108108108109,5siq,0.08888888888888889,5sko,2
5sec,IEX,Cc1c(nc2ccccc2n1)CCc3nc(cn3c4ccccc4)c5ccccc5,390.48,2.03,2022,True,exact_substring,0.05434782608695652,5sdy,0.05154639175257732,5sf4,4
5sed,IEU,Cn1cc(nc1COc2nc3ccc(cc3c(n2)N4CCOCC4)Cl)c5ccccc5,435.906,2.32,2022,True,exact_substring,0.11214953271028037,5si8,0.07368421052631578,5shr,10
5sek,IFY,Cc1c(nc2ccccc2n1)CCc3nc(cn3C)c4ccccc4,328.41,2.15,2022,True,exact_substring,0.06741573033707865,5sdy,0.07792207792207792,5shr,0
5sem,IG6,Cc1c(nc2n1nc(cc2)CCc3nc(cn3C)c4ccccc4)C(F)(F)F,385.386,2.1,2022,True,exact_substring,0.06,5sdy,0.0707070707070707,5sfl,4
5sen,IG9,Cn1c(c(cn1)C(=O)N2CCC2)C(=O)Nc3cn(cn3)c4ccc5ccccc5n4,401.421,2.04,2022,True,exact_substring,0.08108108108108109,5si8,0.09523809523809523,5sko,0
5sep,IGI,Cc1cnc(c2n1nc(n2)CCc3nc(cn3C)C4CCCC4)C,324.423,2.1,2022,True,exact_substring,0.12,5siq,0.12048192771084337,5sh0,2
5set,IH8,Cn1c(cc(n1)c2ccccn2)NC(=O)c3c(ccc(n3)C4CC4)Nc5cncnc5,412.447,2.4,2022,True,exact_substring,0.09433962264150944,5sdy,0.0891089108910891,5se5,5
5sev,IHV,Cc1c(nc(c(n1)C)CCc2nc(cn2C)c3ccccc3)C,306.405,2.31,2022,True,exact_substring,0.06896551724137931,5sdy,0.08,5shr,0
5sew,II5,CNC(=O)c1c(cnn1CCOC)NC(=O)c2c(ccc(n2)C3CC3)Nc4cncnc4,436.467,2.3,2022,True,exact_substring,0.14705882352941177,5sdy,0.09900990099009901,5se5,5
5sex,II9,Cc1cccc(n1)C(=O)Nc2cc3c(cc2C(=O)NC)nc([nH]3)c4ccccc4,385.419,1.99,2022,True,exact_substring,0.06593406593406594,5sig,0.0594059405940594,5sfl,1
5sez,IIU,CCc1cc(cc(n1)Cl)C(=O)Nc2ccn3c(c2)nc(n3)c4ccccc4,377.827,1.99,2022,True,exact_substring,0.07692307692307693,5si5,0.06382978723404255,5sh0,8
5sf1,IJ0,Cc1c(nc2n1nc(cc2)C#Cc3nc(cn3C)c4ccccc4)C(F)F,363.363,2.11,2022,True,exact_substring,0.061855670103092786,5siy,0.06593406593406594,5skr,4
5sf2,IJ7,c1cc2c(cc1NC(=O)c3c(ccc(n3)C4CC4)Nc5cncnc5)C(=O)NC2,386.407,2.02,2022,True,exact_substring,0.0851063829787234,5si5,0.07920792079207921,5sfg,5
5sf5,IJH,Cc1c(n2c(n1)ccc(n2)CCc3nc(cn3C)c4ccccc4)C,331.414,1.98,2022,True,exact_substring,0.07142857142857142,5si5,0.08536585365853659,5shr,4
5sf7,IJN,Cc1c2n(c(n1)c3ccccc3Cl)-c4cc(ccc4C(=O)N2C)OC,353.802,2.08,2022,True,exact_substring,0.05,5sdy,0.0449438202247191,5shr,12
5sf9,IJT,Cc1c(nc2ccccc2n1)OCc3nc(cn3C)c4ccccc4,330.383,2.37,2022,True,exact_substring,0.06172839506172839,5si5,0.0625,5shr,4
5sfe,WP3,Cn1c(c(cn1)C(=O)N(C)C)C(=O)Nc2ccn3cc(nc3n2)c4cccc(c4)F,407.401,1.86,2022,True,exact_substring,0.07339449541284404,5sdy,0.06930693069306931,5sh0,1
5sff,IKH,Cc1c(n2c(n1)ccc(n2)C#Cc3nc(cn3C)c4ccccc4)CO,343.382,2.16,2022,True,exact_substring,0.06741573033707865,5si5,0.06593406593406594,5sh0,4
5sfk,IL6,c1cc(nc(c1Nc2cncnc2)C(=O)Nc3ccn(n3)CC(F)(F)F)C4CC4,403.361,2.33,2022,True,exact_substring,0.09574468085106383,5si5,0.09,5sjl,5
5sfn,ILS,Cn1c2ccccc2nc1CCNC(=O)c3c(cnn3C)C(=O)N4CCC4,366.417,2.02,2022,True,exact_substring,0.09433962264150944,5si8,0.10869565217391304,5sh0,0
5sfp,IO4,c1ccc(cc1)c2cc3ccc(cn3n2)C(=O)Nc4ccnc(c4)Cl,348.786,2.0,2022,True,exact_substring,0.056818181818181816,5si5,0.05263157894736842,5sfg,8
5sfv,IQ9,Cn1c(c(cn1)C(=O)N2CCC2)C(=O)Nc3ccn(n3)C4CCCC4,342.396,2.41,2022,True,exact_substring,0.12658227848101267,5siq,0.13953488372093023,5sh0,0
5sfx,IQJ,CC(=O)Nc1nc2cc(ccc2s1)NC(=O)c3c(cnn3C)C(=O)N4CCC4,398.439,2.04,2022,True,exact_substring,0.09195402298850575,5siq,0.09473684210526316,5sh0,0
5sfz,IV0,Cc1c(nc(o1)c2ccccc2)CCNC(=O)Nc3ccnn3c4ccccc4,387.434,2.16,2022,True,exact_substring,0.07777777777777778,5si5,0.0660377358490566,5sf4,13
5sg0,IV4,Cc1c(nc(o1)c2ccccc2)CCN3C=CN(C3=O)c4ccnn4c5ccccc5,411.456,2.06,2022,True,exact_substring,0.06060606060606061,5siy,0.046296296296296294,5sf4,13
5sg1,IV8,Cn1c(nc(n1)N2CCCC2)CCc3nc4ccc5ccccc5n4n3,347.417,2.41,2022,True,exact_substring,0.0759493670886076,5siq,0.07368421052631578,5sju,2
5sg2,GIQ,Cn1c2ccc3c(c2nc1N)cccn3,198.224,2.15,2022,True,exact_substring,0.04395604395604396,5si8,0.04395604395604396,5sf4,74
5sg3,IVE,CCOC(c1ccc(cc1)N2CCOCC2)C(=O)NNCc3cc(c(c(c3)OC)Br)OC,508.405,1.98,2022,True,exact_substring,0.1702127659574468,5sgl,0.09345794392523364,5sku,73
5sg4,IVJ,Cn1c(c(cn1)C(=O)N)C(=O)Nc2ccc3c(c2)nc([nH]3)c4cccc(c4)Cl,394.814,2.3,2022,True,exact_substring,0.07777777777777778,5siq,0.0707070707070707,5sh0,1
5sg6,IVT,Cc1cnc(c2n1nc(n2)CCc3nc(nn3C)N4CCCC4)C,326.399,1.96,2022,True,exact_substring,0.08333333333333333,5sih,0.08602150537634409,5sko,2
5sg8,IW9,CCCCOc1cnc(nc1OCC)N,211.261,2.16,2022,True,exact_substring,0.08450704225352113,5si5,0.08235294117647059,5sku,72
5sg9,IWC,Cc1cc(nc(n1)C=Cc2ccc3ccccc3n2)N4CCCC4,316.4,2.13,2022,True,exact_substring,0.06666666666666667,5sgl,0.06451612903225806,5sko,38
5sgc,IWK,Cn1c(c(cn1)C(=O)N2CCC2)C(=O)Nc3cc4nc(nn4cn3)N5CCOCC5,411.418,2.09,2022,True,exact_substring,0.12962962962962962,5si8,0.09090909090909091,5sh0,0
5sgd,IWN,Cn1c(c(cn1)COC)C(=O)Nc2ccn3c(c2)nc(n3)c4ccccc4,362.385,2.54,2022,True,exact_substring,0.10784313725490197,5sdy,0.07216494845360824,5sh0,1
5sge,IWS,c1ccc2c(c1)-c3nccn3C(=O)N2,185.182,2.2,2022,True,exact_substring,0.0625,5siy,0.03529411764705882,5sko,37
5sgg,IX2,Cc1cnc(c(c1Cl)C)CSc2[nH]c3cc4c(cc3n2)OCC4,345.846,2.09,2022,True,exact_substring,0.08163265306122448,5siy,0.04807692307692308,5sfl,9
5sgh,IX5,Cn1cc(nc1COc2nc3c(cnn3C)c(n2)N4CCOCC4)c5ccccc5,405.453,1.97,2022,True,exact_substring,0.11320754716981132,5si8,0.06315789473684211,5shr,0
5sgj,IXI,Cc1ccc(nc1C(=O)Nc2cc3c(cc2C(=O)NC)[nH]c(n3)c4ccccc4)C,399.445,2.66,2022,True,exact_substring,0.07692307692307693,5sig,0.05319148936170213,5skr,1
5sgk,IXL,Cc1ccccc1c2cn3c(n2)CC(CC3)NC(=O)c4c(cnn4C)C(=O)N5CCC5,418.492,2.13,2022,True,exact_substring,0.102803738317757,5sdy,0.13541666666666666,5sh0,0
5sgm,IY2,Cn1c(c(cn1)C(=O)N(C)C)C(=O)Nc2ccn3cc(nc3c2)c4ccc(cc4)F,406.413,2.2,2022,True,exact_substring,0.08571428571428572,5sdy,0.07207207207207207,5sf4,1
5sgn,IY6,Cc1c(n2c(n1)cc(c(n2)CCc3nc(nn3C)N4CCCC4)C(F)(F)F)C,393.409,2.07,2022,True,exact_substring,0.08333333333333333,5siy,0.09183673469387756,5sko,2
5sgq,IYH,c1c(cncn1)Nc2c(nc(cn2)C3CC3)C(=O)O,257.248,2.04,2022,True,exact_substring,0.09090909090909091,5si5,0.08333333333333333,5sfg,5
5sgr,IYK,Cn1cc(nc1COc2c(nc3ccccc3n2)Cl)c4ccccc4,350.802,2.04,2022,True,exact_substring,0.06097560975609756,5si5,0.06172839506172839,5shr,4
5sgs,IYN,Cc1c(nc2ccccc2n1)CCC3CCN(C3)c4ccccn4,318.415,2.03,2022,True,exact_substring,0.09090909090909091,5siq,0.07692307692307693,5sfg,16
5sgt,IYS,COc1ccc(cc1)N2C(=Nc3ccccc3C2=O)CCN4C(=O)c5ccccc5C4=O,425.436,2.26,2022,True,exact_substring,0.06896551724137931,5si5,0.04807692307692308,5sf4,20
5sgu,Z73,CCCc1nc(c2n1c3c(ccc(n3)OC)nc2C)C,270.33,2.14,2022,True,exact_substring,0.09090909090909091,5si5,0.05319148936170213,5sku,12
5sgw,IZ6,c1ccc(cc1)n2c(ccn2)C3=NN(CCC3=O)c4ccccc4,316.357,1.9,2022,True,exact_substring,0.07608695652173914,5si8,0.036585365853658534,5sh0,36
5sgy,IZK,CC(C)Cn1c(c(cn1)Cl)C(=O)Nc2ccn3cc(nc3n2)c4ccccc4,394.857,2.36,2022,True,exact_substring,0.07291666666666667,5sig,0.061224489795918366,5sh0,3
5sgz,IZQ,Cc1c2n(c(n1)c3ccccc3Cl)-c4c(ccc(n4)OC)NC2=O,340.764,2.2,2022,True,exact_substring,0.06818181818181818,5sig,0.0425531914893617,5ske,12
5sh1,IZW,Cc1c(nc(o1)c2ccccc2)CCOc3cccc4c3nccc4,330.38,2.2,2022,True,exact_substring,0.07446808510638298,5sdy,0.06666666666666667,5sjl,13
5sh2,J0O,Cn1c(c(cn1)C(=O)N2CCC2)C(=O)Nc3ccc4c(c3)nc(s4)N5CCOCC5,426.492,2.19,2022,True,exact_substring,0.12962962962962962,5si8,0.09090909090909091,5sh0,0
5sh4,J4I,Cc1c(c(c(nc1CSc2[nH]c3cc4c(cc3n2)OCO4)C)OC)C,357.427,2.22,2022,True,exact_substring,0.09302325581395349,5sig,0.06930693069306931,5sku,9
5sh5,J6I,c1ccc2c(c1)c(c(c(n2)N)C#N)OC3CCCC=C3,265.31,2.3,2022,True,exact_substring,0.07368421052631578,5sdy,0.09090909090909091,5ske,71
5sh6,J7M,Cn1c2ccccc2nc1CCN3CCOc4ccccc4C3=O,321.373,1.98,2022,True,exact_substring,0.08,5si8,0.06818181818181818,5sh0,35
5sh7,J8J,c1ccc(cc1)c2[nH]c3cc(c(cc3n2)NC(=O)C4=CC(=CNC4=O)C5CC5)C(=O)NC6COC6,469.492,2.66,2022,True,exact_substring,0.1,5sig,0.07547169811320754,5ske,19
5sha,JBV,Cc1cnc(c2n1nc(n2)CCc3nc(nn3C)N4CCC(C4)C(F)F)C,376.407,2.24,2022,True,exact_substring,0.10714285714285714,5siq,0.09900990099009901,5sko,2
5shb,JCJ,c1cc(cc(c1)Br)n2c(ccn2)C3=NN(C=CC3=O)c4ccncc4,394.225,1.95,2022,True,exact_substring,0.049019607843137254,5si8,0.034482758620689655,5shr,6
5shc,JDU,Cc1c(nc(o1)c2ccccc2)CCN3C=CC=C(C3=O)C(=O)Nc4cncnc4,401.418,2.33,2022,True,exact_substring,0.07547169811320754,5sdy,0.07142857142857142,5sh0,13
5shd,JCP,CNC(=O)c1ccncc1NC(=O)c2c(ccc(n2)C3CC3)Nc4cncnc4,389.411,2.6,2022,True,exact_substring,0.10112359550561797,5si5,0.09574468085106383,5se5,5
5she,JD6,Cc1c(nc2cc(ccc2n1)N)C,173.214,2.19,2022,True,exact_substring,0.024390243902439025,5si8,0.024691358024691357,5sku,17
5shf,JFG,Cc1ccc(nc1C(=O)Nc2ccc3cc(nn3c2)c4ccccc4)C,342.394,2.28,2022,True,exact_substring,0.05747126436781609,5si5,0.056179775280898875,5sh0,18
5shg,JFO,Cc1c2c(nc3ccc(nc3n2c(n1)c4ccccc4Cl)OC)N,339.779,2.12,2022,True,exact_substring,0.05813953488372093,5si5,0.0392156862745098,5sku,12
5shh,JFW,Cc1cnc(c(c1OC)C)CSc2[nH]c3c(n2)ccc4c3scn4,356.465,2.15,2022,True,exact_substring,0.061224489795918366,5sgl,0.04716981132075472,5sku,9
5shi,JG9,Cc1c(n2c(c(ccc2n1)CCc3nc(cn3C)c4ccccc4)C)C,344.453,2.1,2022,True,exact_substring,0.09876543209876543,5si5,0.1,5shr,4
5shl,JHI,Cc1c(n2c(n1)c(cc(n2)Cl)N3CCCC3)C,250.727,2.35,2022,True,exact_substring,0.08,5sih,0.07894736842105263,5sh8,15
5shm,JHX,COc1c(nc(cn1)C2CC2)C(=O)NC3CCN(C3)c4ccc(cn4)Cl,373.837,2.26,2022,True,exact_substring,0.1188118811881188,5sdy,0.13541666666666666,5sfg,5
5shn,JI8,CN1C(=C(CN1)C(=O)NCC2=NCCO2)C(=O)NC3=NC4=[N](CC(=N4)c5ccccc5)C=C3,447.47,2.03,2022,True,exact_substring,0.0,,0.0,,-1
5sho,JIC,Cn1c(c(cn1)C(=O)NC2CC2)C(=O)Nc3ccn4cc(nc4c3)c5ccccc5,400.433,1.9,2022,True,exact_substring,0.11224489795918367,5sg5,0.1276595744680851,5sh0,0
5shp,JIG,Cc1cnc(c(c1OC)C)CSc2[nH]c3c(n2)ccc4c3nccc4,350.437,2.18,2022,True,exact_substring,0.06060606060606061,5sgl,0.04672897196261682,5sku,9
5shq,JIJ,c1c[nH]c2c1c(ncn2)N3CCCC3,188.229,2.08,2022,True,exact_substring,0.09090909090909091,5sgl,0.08860759493670886,5sju,70
5sht,JIV,Cc1c(c2nc(nn2c(n1)C)CCc3nc(nn3C)N4CCCC4)Cl,360.845,2.27,2022,True,exact_substring,0.08235294117647059,5sih,0.07368421052631578,5sko,2
5shu,JIY,Cc1cnc(c(c1OC)C)CSc2[nH]c3cc4c(cc3n2)NCC4,340.443,1.98,2022,True,exact_substring,0.08695652173913043,5sig,0.056179775280898875,5shk,9
5shv,JKX,c1cc(nc(c1)F)N2CCC(=O)CC2,194.206,1.95,2022,True,exact_substring,0.0641025641025641,5siy,0.05128205128205128,5sfg,69
5shw,JJ6,c1ccc(cc1)c2nc3cc(ccn3n2)CO,225.246,2.19,2022,True,exact_substring,0.05263157894736842,5si5,0.045454545454545456,5se0,8
5shx,JJF,Cc1c(nc2ccccc2n1)N3CCCC3,213.278,2.16,2022,True,exact_substring,0.08196721311475409,5siq,0.07692307692307693,5sko,16
5shy,JJR,Cc1nc(cs1)Nc2c3c(ccc(n3)CO)c(cn2)c4cccnc4,349.41,2.3,2022,True,exact_substring,0.06521739130434782,5si5,0.058823529411764705,5sju,68
5shz,JK6,C#Cc1cccc(c1)n2c(ccn2)C3=NN(C=CC3=O)c4ccccc4,338.362,2.55,2022,True,exact_substring,0.038461538461538464,5si8,0.04040404040404041,5sfl,6
5si0,JKD,Cc1cc2nc(nn2c(n1)CCc3nc(n(n3)C)N4CCCC4)CCc5nc(n(n5)C)N6CCCC6,490.607,2.27,2022,True,exact_substring,0.08,5siq,0.07608695652173914,5sko,2
5sgb,IWG,c1ccc2c(c1)c(ccc2Cl)Oc3cnns3,262.715,2.39,2022,True,exact_substring,0.025974025974025976,5si5,0.02531645569620253,5sh8,67
5si1,JKO,Cn1c(c(cn1)C(=O)N2CCOCC2)C(=O)Nc3ccn4cc(nc4c3)c5ccccc5,430.459,1.75,2022,True,exact_substring,0.12844036697247707,5si8,0.08256880733944955,5sko,0
5si2,JL6,c1ccnc(c1)N2CCC(C2)NC(=O)c3c(ccc(n3)C4CC4)Nc5cncnc5,401.464,2.4,2022,True,exact_substring,0.09375,5si5,0.13131313131313133,5sfg,5
5si3,JLI,Cn1c(c(cn1)C(=O)O)C(=O)Nc2ccn3cc(nc3n2)c4ccccc4,362.342,2.4,2022,True,exact_substring,0.06315789473684211,5sg5,0.06521739130434782,5sh0,0
5si6,JME,Cn1c(c(cn1)C(=O)N2CCC2)C(=O)Nc3cc4nc(cn4cc3C#N)c5ccccc5,425.443,2.0,2022,True,exact_substring,0.08695652173913043,5si8,0.09900990099009901,5skr,0
5si9,JN6,Cn1c(c(cn1)C(=O)NCCO)C(=O)Nc2ccn3cc(nc3n2)c4ccccc4,405.41,2.01,2022,True,exact_substring,0.06930693069306931,5sg5,0.07142857142857142,5sh0,0
5sib,JNU,Cc1c(nc2n1nc(cc2)CCc3nc(nn3C)N4CCCC4)C(F)(F)F,379.383,2.54,2022,True,exact_substring,0.07317073170731707,5siq,0.08163265306122448,5sko,2
5sid,JO6,Cc1c(cc(c2n1nc(n2)CCc3nc4cc(ccc4s3)Cl)Cl)Cl,397.709,1.98,2022,True,exact_substring,0.04854368932038835,5si8,0.05813953488372093,5shr,24
5sie,JOF,CN1Cc2c3c(ccc(c3[nH]c2C1=O)Cl)O,236.654,2.12,2022,True,exact_substring,0.08139534883720931,5sdy,0.08536585365853659,5sfg,33
5sii,JPU,CCC1c2cc(c(cc2C(=NN=C1C)c3ccc(c(c3)OC)OC)OC)OC,382.453,2.18,2022,True,exact_substring,0.08139534883720931,5sgl,0.06382978723404255,5sku,66
5sij,EIK,Cc1cnc(c2n1nc(n2)CCc3nc(cn3C)c4ccccc4)C,332.402,2.55,2022,True,exact_substring,0.07,5si8,0.07142857142857142,5shr,0
5sik,JQ3,c1c(cnc(n1)N)OCC2CCCC2,193.246,2.1,2022,True,exact_substring,0.16417910447761194,5sg5,0.11392405063291139,5sku,65
5sil,JQC,Cc1cc(cc(c1)c2[nH]c3ccc(cc3n2)NC(=O)c4c(cnn4C)Cl)C,379.843,2.5,2022,True,exact_substring,0.07920792079207921,5sdy,0.07526881720430108,5skr,1
5sim,JQL,CC1CCCN1C(=O)c2cnn(c2C(=O)Nc3ccn4cc(nc4c3)c5ccccc5)C,428.486,1.75,2022,True,exact_substring,0.11956521739130435,5siq,0.11009174311926606,5sko,0
5sin,JQU,Cc1c2cc(sc2n(n1)c3ccccn3)NC(=O)c4ccccc4,334.395,2.4,2022,True,exact_substring,0.06896551724137931,5si5,0.06382978723404255,5sfg,64
5sip,JRL,Cn1c(c(cn1)C(=O)N2CCC2)C(=O)Nc3ccn4cc(nc4n3)c5ccccc5,401.421,2.03,2022,True,exact_substring,0.09090909090909091,5sg5,0.09375,5sh0,0
5sir,JSF,Cc1ccc(nc1C(=O)Nc2ccn3cc(nc3n2)c4ccccc4)C,343.382,2.5,2022,True,exact_substring,0.056818181818181816,5si5,0.04395604395604396,5sh0,3
5sis,JSM,CNCCN(C)C(=O)c1cnn(c1C(=O)Nc2ccn3cc(nc3c2)c4ccccc4)C,431.49,1.85,2022,True,exact_substring,0.09090909090909091,5sdy,0.08695652173913043,5sf4,0
5sit,JSY,Cc1ccc(cc1)Nc2cc(ncn2)C,199.252,1.99,2022,True,exact_substring,0.028169014084507043,5si5,0.041666666666666664,5skr,63
5siu,JT9,Cc1c(cc(c2n1nc(n2)CCC3=Nc4ccccc4NC3=O)Cl)Cl,374.224,2.01,2022,True,exact_substring,0.07291666666666667,5siy,0.06,5sko,24
5siv,JTL,c1cc(sc1)CNC(=O)c2ccc3c(c2)nccn3,269.322,2.2,2022,True,exact_substring,0.054945054945054944,5sdy,0.04395604395604396,5sju,62
5siw,JTX,Cc1ncc(c2n1nc(n2)CCc3nc(nn3C)N4CCCC4)C(F)(F)F,380.371,2.13,2022,True,exact_substring,0.08536585365853659,5siq,0.07,5sko,2
5six,JU6,Cc1c(nc2ccccc2n1)c3cc4nc(cc(n4n3)NC5CCOCC5)N6CCC(C6)F,447.508,2.29,2022,True,exact_substring,0.1875,5siy,0.09345794392523364,5sko,61
5siz,JWC,COc1c(nc(cn1)C2CC2)C(=O)NCCc3[nH]nc(n3)c4cccnc4,365.389,2.1,2022,True,exact_substring,0.11578947368421053,5si5,0.11009174311926606,5sku,26
5sj0,JX9,CN(c1c2c(nc[nH]2)ncn1)C3CCCCC3,231.297,2.35,2022,True,exact_substring,0.14102564102564102,5siy,0.15942028985507245,5shr,60
5sj1,JWJ,Cc1cnc(c(c1OC(C)C)C)CS(=O)c2[nH]c3c(n2)ccc4c3scn4,400.518,2.16,2022,True,exact_substring,0.06862745098039216,5sgl,0.05660377358490566,5sfl,9
5sj2,JWR,c1ccc(cc1)c2nc3cc(ccn3n2)NC(=O)c4ccnc(c4Cl)Cl,384.219,1.99,2022,True,exact_substring,0.054945054945054944,5si5,0.05102040816326531,5sfg,8
5sj4,JXI,Cn1cc(nc1C=CC2=Nc3c(cnn3C)C(=O)N2)c4ccccc4,332.359,2.77,2022,True,exact_substring,0.05154639175257732,5siy,0.056818181818181816,5shr,25
5sj5,JXO,c1cc2c(cc1Cl)ncc(n2)N,179.606,2.49,2022,True,exact_substring,0.02564102564102564,5sgl,0.028985507246376812,5shr,17
5sj6,JXX,c1ccc2c(c1)c(nc(n2)Cl)N3CCOCC3,249.696,2.15,2022,True,exact_substring,0.10126582278481013,5siy,0.04878048780487805,5sfg,10
5sj7,JY3,Cc1cnc(cc1OC(C)C)CSc2[nH]c3c(n2)ccc4c3scn4,370.492,2.14,2022,True,exact_substring,0.06,5sgl,0.05263157894736842,5sh0,9
5sj8,JYA,CCCc1nc(c2n1c3c(ccc(n3)OC)nc2C#N)C,281.313,2.49,2022,True,exact_substring,0.08333333333333333,5si5,0.0594059405940594,5sf4,12
5sj9,JYL,CC(C)c1nnc2n1cccc2C(=O)NCCc3nc(cn3C)c4ccccc4,388.466,2.39,2022,True,exact_substring,0.08653846153846154,5sdy,0.08333333333333333,5sh0,0
5sja,JYU,Cc1cc(n(n1)C(C)(C)C)NC(=O)c2cc3c(nn(c3s2)c4ccccc4)COc5ccccn5,486.589,2.13,2022,True,exact_substring,0.0784313725490196,5si5,0.06481481481481481,5ske,59
5sjb,K0C,Cc1cnc(c(c1OC)C)CSc2[nH]c3c4cccnc4ccc3n2,350.437,2.2,2022,True,exact_substring,0.061224489795918366,5sgl,0.04716981132075472,5sku,9
5sjc,K0R,Cc1c(c(n(n1)C)C(=O)Nc2ccn3cc(nc3n2)c4ccccc4)Cl,366.804,2.08,2022,True,exact_substring,0.058823529411764705,5sdy,0.05319148936170213,5sh0,3
5sjd,K18,Cc1cc(n(n1)CCNC(=O)Nc2ccnn2c3ccccc3)C,324.38,2.16,2022,True,exact_substring,0.08045977011494253,5si5,0.06666666666666667,5sh0,34
5sjk,K40,c1cc(c2c(c1Cl)c3c([nH]2)C(=O)NCC3)Cl,255.1,2.24,2022,True,exact_substring,0.039473684210526314,5sih,0.06329113924050633,5sjl,33
5sjm,K4L,c1ccc(cc1)CCC2=CC(=CNC2=O)c3ccncc3,276.332,2.3,2022,True,exact_substring,0.056338028169014086,5siq,0.038461538461538464,5shr,58
5sjn,K7O,Cc1ccc2c(c1C)[nH]c(n2)CCc3nc4c(cc(c(n4n3)C)Cl)Cl,374.267,2.05,2022,True,exact_substring,0.058823529411764705,5si8,0.04597701149425287,5shr,24
5sjp,K6O,CCOC(=O)NC(=S)Nc1cc(cc(n1)C)NC(=O)c2c(cnn2C)C(=O)N3CCC3,445.495,2.25,2022,True,exact_substring,0.11650485436893204,5sgl,0.10101010101010101,5sh0,0
5sjq,K6F,Cc1c(nc2cc(ccc2n1)Cl)C,192.645,2.12,2022,True,exact_substring,0.02702702702702703,5sgl,0.03076923076923077,5shr,17
5sia,JNL,Cc1c(nc2cc(ccc2n1)NC(=O)Nc3cccc(c3)OC)C,322.361,2.27,2022,True,exact_substring,0.06896551724137931,5sgl,0.046511627906976744,5se5,57
5si4,JLR,c1ccc2c(c1)cccc2n3c(ccn3)C4=NN(C=CC4=O)c5cccc(c5)OC(F)(F)F,448.397,2.39,2022,True,exact_substring,0.0380952380952381,5sgl,0.06,5ske,6
5sjv,K9F,Cn1cc(nc1CCc2cccc3c2nccn3)c4ccccc4,314.384,1.94,2022,True,exact_substring,0.061224489795918366,5si8,0.07407407407407407,5shr,0
5sjy,K9X,Cc1c(c(n(n1)C)C(=O)Nc2ccn3cc(nc3n2)c4ccccc4)Br,411.255,2.2,2022,True,exact_substring,0.06930693069306931,5sdy,0.056074766355140186,5sf4,3
5sjz,KA6,Cn1c(c(cn1)C(=O)N2CCOCC2)C(=O)Nc3ccn4c(c3)nc(n4)N5CCCC5,424.456,2.19,2022,True,exact_substring,0.12962962962962962,5si8,0.09345794392523364,5sko,0
5sk0,KAU,Cn1cc(c(n1)C(=O)NC2CCN(C2)c3ccc(cn3)Cl)c4ccncc4,382.847,2.02,2022,True,exact_substring,0.10185185185185185,5si8,0.12244897959183673,5sfg,5
5sk1,IKE,CNC(=O)c1cnn(c1C(=O)Nc2ccn3cc(nc3n2)c4ccccc4)C,375.384,2.3,2022,True,exact_substring,0.061855670103092786,5sg5,0.06382978723404255,5sh0,0
5sk2,KB6,Cc1c(nc(o1)c2ccc(cc2)F)CCOc3cc4ccccc4cn3,348.37,2.14,2022,True,exact_substring,0.0625,5sdy,0.0707070707070707,5sku,13
5sk3,IIR,Cn1cc(nc1C#Cc2ccc3nc(c(n3n2)CO)C4CC4)c5ccccc5,369.419,2.32,2022,True,exact_substring,0.0989010989010989,5si5,0.1,5shr,4
5sk4,KBL,CC1=CC(=O)C(=NN1c2cccc(c2)OC(F)(F)F)c3ccnn3c4ccccc4,412.365,2.0,2022,True,exact_substring,0.05555555555555555,5si5,0.07526881720430108,5ske,6
5sk7,KCF,CN(C)c1nc2cc(ccn2n1)Br,241.088,2.29,2022,True,exact_substring,0.07692307692307693,5siy,0.07142857142857142,5shr,56
5sk8,KCU,CCCn1c(c(cn1)Cl)C(=O)Nc2ccc3c(c2)nc([nH]3)c4ccccc4,379.843,2.3,2022,True,exact_substring,0.0967741935483871,5si5,0.0761904761904762,5sfl,1
5sk9,KD4,Cc1c(nc2cccc(c2n1)OC)Cl,208.644,2.82,2022,True,exact_substring,0.0410958904109589,5si5,0.03409090909090909,5sku,55
5ska,KDC,CCOc1cc(ncc1C)CSc2[nH]c3c(n2)ccc4c3scn4,356.465,2.21,2022,True,exact_substring,0.07142857142857142,5sgl,0.05660377358490566,5sku,9
5skb,KDX,COc1cccc2c1c3c([nH]2)C(=O)NC=N3,215.208,2.35,2022,True,exact_substring,0.07692307692307693,5sig,0.060240963855421686,5ske,54
5skc,KE6,Cc1ccc(c(n1)C(=O)Nc2ccn(n2)C(C)C)Nc3cncnc3,337.379,2.6,2022,True,exact_substring,0.06,5sdy,0.05434782608695652,5sh0,5
5skg,KFI,c1ccc(cc1)c2nc3cc(ccn3n2)NC(=O)c4cc(nc(c4)Cl)NC5CC5,404.852,2.03,2022,True,exact_substring,0.09,5sgl,0.09574468085106383,5sh0,8
5ski,KFX,Cc1cnc(c2n1nc(n2)CNc3nc(nn3C)c4ccccc4)C,334.378,2.16,2022,True,exact_substring,0.061855670103092786,5sdy,0.08045977011494253,5sh0,2
5skj,KG3,CNC(=O)Cc1ccccc1NC(=O)c2c(ccc(n2)C3CC3)Nc4cncnc4,402.449,2.74,2022,True,exact_substring,0.09782608695652174,5si5,0.08333333333333333,5sf4,5
5skk,KGO,CNC(=O)c1c(cnn1C)NC(=O)c2c(ncc(n2)C3CCOC3)Nc4cncnc4,423.429,2.15,2022,True,exact_substring,0.10714285714285714,5si8,0.0970873786407767,5se5,7
5skl,KH6,Cn1c(c(cn1)C(=O)N2CCOCC2)C(=O)Nc3cc4nc(cn4cc3C#N)c5ccccc5,455.469,2.2,2022,True,exact_substring,0.12280701754385964,5si8,0.08571428571428572,5skr,0
5skm,KHI,CN(C)c1c2cc(ccc2nc(n1)CCC3CCN(C3)c4ccccn4)Cl,381.902,1.91,2022,True,exact_substring,0.08823529411764706,5sgl,0.0967741935483871,5shr,16
5skn,KHU,CC(=O)Nc1cccc(c1)N2C=CC(=O)C(=N2)c3ccnn3c4ccccc4F,389.382,1.9,2022,True,exact_substring,0.05405405405405406,5si8,0.04672897196261682,5sfl,6
5skt,KIY,Cc1nc2cc(ccc2c(n1)N3CCCC3)OCC4CC4,283.368,2.02,2022,True,exact_substring,0.1411764705882353,5sgl,0.1,5shr,53
5skv,KJC,CC(C)(CNC(=O)c1c(cn(n1)C)NC(=O)c2c(ccc(n2)C3CC3)Nc4cncnc4)O,450.494,2.6,2022,True,exact_substring,0.11320754716981132,5sdy,0.1568627450980392,5sfl,5
5xui,8G3,Cc1cc2nc(cc(n2n1)O)CCc3nc4ncccn4n3,295.299,2.77,2018,True,exact_substring_no_tag,0.04938271604938271,5siq,0.04854368932038835,5sf4,32
5xuj,8G6,Cc1cc2nccc(n2n1)c3ccc(cc3)Cl,243.692,2.44,2018,True,exact_substring_no_tag,0.043478260869565216,5siq,0.05194805194805195,5sh8,52
6kdz,D79,Cc1cc(n2c(n1)nc(n2)CCc3cc(n4c(n3)c5cccnc5n4)O)C,360.373,3.1,2019,True,exact_substring_no_tag,0.07228915662650602,5siq,0.049019607843137254,5sfl,23
6ke0,D7C,Cc1cc(n2c(n1)nc(n2)CC(=O)N3c4nc5ccccc5n4CC3C)C,361.4,2.95,2019,True,exact_substring_no_tag,0.09411764705882353,5siq,0.08791208791208792,5shr,23
6kdx,D6X,Cc1cc(n2c(n1)nc(n2)CCNc3ccc4ccccc4n3)C,318.376,2.44,2019,True,exact_substring_no_tag,0.05555555555555555,5sg5,0.052083333333333336,5sfl,23
5sfc,IK6,Cn1c(c(cn1)C(=O)Nc2ccn3cc(nc3n2)c4ccccc4)C(=O)N5CCC5,401.421,2.18,2022,True,exact_substring,0.08333333333333333,5sig,0.09375,5sh0,0
5sfb,IK0,Cc1c(n2c(n1)c(cc(n2)CCc3nc(nn3C)N4CCCC4)C(=O)NC)C,382.463,1.98,2022,True,exact_substring,0.08695652173913043,5si5,0.08823529411764706,5sko,2
5sfa,IJW,Cn1cc(nc1COc2c(nc(cn2)C3CC3)C(=O)NC4CCOC4)c5ccccc5,419.476,2.32,2022,True,exact_substring,0.12612612612612611,5si8,0.11,5sh0,0
5sf8,IJQ,Cn1c(c(cn1)C(=O)N2CCC2)C(=O)NCCc3nc(nn3c4ccccn4)c5ccccc5,456.5,2.15,2022,True,exact_substring,0.08620689655172414,5si8,0.09803921568627451,5sh0,0
5sf6,IJK,Cc1c(n2c(n1)c(nc(n2)CCc3nc(nn3C)N4CCCC4)NC(C)C)C,383.494,2.03,2022,True,exact_substring,0.08823529411764706,5si8,0.09278350515463918,5sko,2
5sf3,IJA,Cn1c(c(cn1)C(=O)NCc2cc[nH]n2)C(=O)Nc3ccn4cc(nc4n3)c5ccccc5,441.445,2.15,2022,True,exact_substring,0.08490566037735849,5sg5,0.06666666666666667,5sh0,0
5sf0,IIX,Cn1c(c(cn1)C(=O)N2CCC2)C(=O)Nc3cc([nH]n3)c4ccccn4,351.363,2.1,2022,True,exact_substring,0.102803738317757,5si8,0.10784313725490197,5sko,0
5sey,IIR,Cn1cc(nc1C#Cc2ccc3nc(c(n3n2)CO)C4CC4)c5ccccc5,369.419,2.29,2022,True,exact_substring,0.0989010989010989,5si5,0.1,5shr,4
5seu,IHL,Cn1c(nc(n1)N2CCCC2)CCc3nc4ccc(cn4n3)C(F)(F)F,365.356,2.09,2022,True,exact_substring,0.07407407407407407,5siq,0.07142857142857142,5sko,2
5ses,IGZ,Cn1c(c(cn1)C(=O)N2CCC2)C(=O)NC3CCn4cc(nc4C3)c5ccccc5,404.465,2.11,2022,True,exact_substring,0.10576923076923077,5sdy,0.13978494623655913,5sh0,0
5ser,IGW,Cn1c(c(cn1)C(=O)N(C)CCF)C(=O)Nc2ccn3c(c2)nc(n3)c4ccccc4,421.428,2.25,2022,True,exact_substring,0.08181818181818182,5sdy,0.0784313725490196,5sh0,1
5seq,IGO,Cc1c(n2c(c(n1)C)nc(n2)CCc3nc(nn3C)N4CCCC4)C,340.426,2.18,2022,True,exact_substring,0.08536585365853659,5sih,0.08791208791208792,5sko,2
5seo,IGE,Cc1c([nH]c(n1)c2ccccc2)CCN3C(=O)c4ccccc4C3=O,331.368,2.1,2022,True,exact_substring,0.0684931506849315,5siq,0.07446808510638298,5sf4,20
5sel,IG1,Cn1c(cc(n1)c2ccccn2)NC(=O)c3c(cnn3C)C(=O)N4CCC4,365.389,2.2,2022,True,exact_substring,0.08571428571428572,5si8,0.0989010989010989,5sh0,0
5sej,IFV,Cn1c(nc(n1)N2CCCC2)CCc3nc4ccc(cn4n3)Cl,331.803,2.44,2022,True,exact_substring,0.07692307692307693,5siq,0.08433734939759036,5shr,2
5sei,IFE,Cn1c(nc(n1)N2CCCC2)C=Cc3nc4ccc(cn4n3)Cl,329.787,2.37,2022,True,exact_substring,0.07,5si8,0.07368421052631578,5sko,22
5seh,IFI,Cn1c(c(cn1)C(=O)N2CCC2)C(=O)Nc3ccn4c(c3)nc(n4)N5CCOCC5,410.43,2.1,2022,True,exact_substring,0.12962962962962962,5si8,0.09090909090909091,5sh0,0
5seg,IFN,CN1C=C(C=C(C1=O)C(=O)Nc2cc3c(cc2C(=O)NC4COC4)[nH]c(n3)c5ccccc5)Br,522.351,2.29,2022,True,exact_substring,0.1,5sdy,0.08737864077669903,5sh0,1
5sef,IFR,Cc1c(nc(n2c1nc(n2)CCc3nc(nn3C)N4CCCC4)C)C,340.426,2.29,2022,True,exact_substring,0.08433734939759036,5sih,0.07526881720430108,5sko,2
5se8,IE1,Cn1c(nc(n1)c2ccccc2)CCNC(=O)C3=C(CNN3C)C(=O)N4CCC4,395.458,1.99,2022,True,exact_substring,0.11764705882352941,5sdy,0.11702127659574468,5skr,0
5se7,IE7,Cn1c(c(cn1)C(=O)N2CCC2)C(=O)Nc3ccn4c(c3)nc(n4)c5ccccc5,401.421,2.17,2022,True,exact_substring,0.08108108108108109,5si8,0.09278350515463918,5sh0,0
5se4,ICW,Cc1cc(nc2n1nc(n2)CCc3nc(cn3C)c4ccccc4)C5CC5,358.44,2.5,2022,True,exact_substring,0.0875,5siq,0.09411764705882353,5shr,4
5sdz,IB7,Cn1cc(c(n1)C(=O)N(C)CC(CO)O)NC(=O)c2c(ccc(n2)C3CC3)Nc4cncnc4,466.493,2.35,2022,True,exact_substring,0.1388888888888889,5sdy,0.12871287128712872,5sh0,5
5sdv,IAI,Cn1c(c(cn1)C(=O)NCc2cocn2)C(=O)Nc3ccn4cc(nc4n3)c5ccccc5,442.43,2.15,2022,True,exact_substring,0.07017543859649122,5sdy,0.0660377358490566,5sh0,0
5sdu,I9Z,Cc1c(nc(o1)c2ccccc2)CCc3nc(cn3C)c4ccccc4,343.422,2.15,2022,True,exact_substring,0.07777777777777778,5sdy,0.0759493670886076,5shr,0
5dh4,4PX,CC(C)(CO)N1C2=C(c3cccnc3N(C2=O)c4ccccc4)NC1=O,350.371,2.2,2016,True,exact_substring_no_tag,0.08823529411764706,5si8,0.08163265306122448,5sfl,51
5c2h,4XU,Cc1c(nc(nc1Cl)OCCCc2ccc3ccccc3n2)NCc4c(nc(s4)C)C,453.988,2.09,2015,True,exact_substring_no_tag,0.056074766355140186,5sdy,0.05405405405405406,5sku,14
5c2e,4Y1,Cc1c(nc(nc1Cl)OCCc2ccccn2)NCc3c(nc(s3)C)C,389.902,2.1,2015,True,exact_substring_no_tag,0.05825242718446602,5sdy,0.04807692307692308,5sfl,14
4wn1,3SJ,Cn1cc(c(n1)COc2ccc(cc2)c3ccc4ccccc4n3)C5=CN(C(=O)C=C5)C,422.478,3.13,2014,True,exact_substring_no_tag,0.053763440860215055,5si5,0.045871559633027525,5sf4,11
4lm3,9ZE,CC(=O)c1ccc2c(c1)OCCO2,178.185,1.49,2014,True,exact_substring_no_tag,0.06666666666666667,5sgl,0.06097560975609756,5sku,31
3snl,548,Cc1cnccc1c2nc(c3n2c4cc(cc(c4nc3C)Cl)C(F)(F)F)C,390.789,2.4,2011,True,exact_substring_no_tag,0.06315789473684211,5siy,0.0425531914893617,5ske,21
3sni,546,Cc1ccncc1c2nc(c3n2c4c(ccc(n4)OC)nc3C)C,319.36,1.9,2011,True,exact_substring_no_tag,0.060240963855421686,5si5,0.03571428571428571,5shr,12
3sn7,540,Cc1cnccc1c2nc(c3n2c4cc(cc(c4nc3C)OC)F)C,336.363,1.82,2011,True,exact_substring_no_tag,0.06382978723404255,5siy,0.038834951456310676,5sku,21
2wey,EV1,COc1ccc(cc1OC)Cc2c3cc(c(cc3ccn2)OC)OC,339.385,2.8,2009,True,exact_substring_no_tag,0.05747126436781609,5sdy,0.054945054945054944,5sku,50
5uwf,8Q7,COc1ccc(cc1)CN2c3c(c4c(s3)CN(CC4)C(=O)C5CC5(F)F)-c6ncnn6C2=O,471.48,1.87,2017,True,exact_substring_no_tag,0.09523809523809523,5sig,0.09322033898305085,5sku,49
5sks,KIS,CCOC(=O)c1c(n(cn1)c2cccc(c2)Oc3cccc(c3)n4cnc(c4C)C(=O)OCC)C,474.508,2.31,2022,True,exact_substring,0.08045977011494253,5sgl,0.06315789473684211,5sku,48
5skq,KIE,CCN(C)c1nc2c(c(n1)Sc3ccc(cc3)F)[nH]cn2,303.358,2.0,2022,True,exact_substring,0.10344827586206896,5siy,0.10126582278481013,5shr,47
5skp,KI8,Cc1c2cc(sc2n(n1)c3ccccc3)C(=O)N4CCN(CC4)c5ccccc5OC,432.538,2.0,2022,True,exact_substring,0.08602150537634409,5sig,0.06796116504854369,5sju,29
5skh,KFO,c1cc(cc(c1)F)n2c(ccn2)C3=NN(C=CC3=O)c4cccc(c4)OC(F)(F)F,416.328,2.1,2022,True,exact_substring,0.039603960396039604,5sgl,0.0625,5ske,6
5skf,KF9,c1cc(cc(c1)n2c(ccn2)C3=NN(C=CC3=O)c4cccc5c4OC(O5)(F)F)C#N,419.341,2.1,2022,True,exact_substring,0.04672897196261682,5siy,0.047619047619047616,5see,6
5skd,KER,c1cc(cc(c1)OC(F)(F)F)N2C=CC(=O)C(=N2)c3ccnn3c4cc(ccc4F)F,434.319,2.3,2022,True,exact_substring,0.0380952380952381,5sgl,0.06,5ske,6
5sk6,KC9,Cn1c(c(cn1)C(=O)N2CCC2)C(=O)Nc3cccc(c3)c4nc5ccccc5o4,401.418,2.2,2022,True,exact_substring,0.0970873786407767,5sgl,0.10309278350515463,5sh0,0
5sk5,JKO,Cn1c(c(cn1)C(=O)N2CCOCC2)C(=O)Nc3ccn4cc(nc4c3)c5ccccc5,430.459,1.95,2022,True,exact_substring,0.12844036697247707,5si8,0.08256880733944955,5sko,0
5sjx,PF9,Cn1cc(c(n1)c2ccc(cc2)OCc3ccc4ccccc4n3)c5ccncc5,392.453,2.06,2022,True,exact_substring,0.05555555555555555,5si5,0.056179775280898875,5shr,11
5sjw,K9O,CC(C)Cn1c(c(cn1)Cl)C(=O)Nc2ccc3c(c2)[nH]c(n3)c4ccccc4,393.869,1.95,2022,True,exact_substring,0.07865168539325842,5siq,0.06796116504854369,5sfg,1
5sjt,K5F,Cn1c(c(cn1)C(=O)N(C)C)C(=O)Nc2ccn3cc(nc3c2)c4ccccc4,388.423,2.1,2022,True,exact_substring,0.08737864077669903,5sdy,0.07339449541284404,5sf4,0
5sjs,K5R,CN(C)C(=O)c1ccncc1NC(=O)c2c(ccc(n2)C3CC3)Nc4cncnc4,403.437,2.7,2022,True,exact_substring,0.09900990099009901,5sdy,0.0851063829787234,5sh0,5
5sjr,K63,CCOc1ccccc1c2ccc(cc2)c3c(c(c4cc(ccc4n3)F)NC(C)C(=O)O)C#N,455.48,2.1,2022,True,exact_substring,0.09183673469387756,5si5,0.07964601769911504,5sku,30
5sjo,K79,c1cc(cc(c1)OC(F)(F)F)N2C=CC(=O)C(=N2)c3ccnn3c4ccc(cc4F)F,434.319,2.1,2022,True,exact_substring,0.0380952380952381,5sgl,0.06,5ske,6
5sjj,K3O,CCNc1c2c(c[nH]c2nc(n1)N)c3cccc(c3)C(F)(F)F,321.3,2.1,2022,True,exact_substring,0.06315789473684211,5siy,0.06930693069306931,5sku,46
5sji,K3F,Cn1c(c(cn1)Cl)C(=O)Nc2ccc3c(c2)nc([nH]3)c4ccccc4,351.79,1.98,2022,True,exact_substring,0.08,5sdy,0.06451612903225806,5sh0,1
5sjf,K1X,c1ccc2c(c1)c(ccn2)n3c(ccn3)C4=NN(C=CC4=O)c5cccc(c5)OC(F)(F)F,449.385,2.05,2022,True,exact_substring,0.037037037037037035,5sgl,0.05825242718446602,5ske,6
5sje,K1I,CS(=O)(=O)c1cccc(c1)N2C=CC(=O)C(=N2)c3ccnn3c4cccc5c4OC(O5)(F)F,472.421,2.1,2022,True,exact_substring,0.06,5si5,0.04854368932038835,5sh0,6
5sj3,JX0,Cc1c2cc(sc2n(n1)c3ccc(cc3)Cl)C(=O)N4CCCCC4,359.873,2.1,2022,True,exact_substring,0.08139534883720931,5sig,0.10869565217391304,5sju,29
5sio,JRC,CC1CCCN1C(=O)c2cnn(c2C(=O)Nc3ccn4cc(nc4c3)c5ccccc5)C,428.486,2.2,2022,True,exact_substring,0.11956521739130435,5siq,0.11009174311926606,5sko,0
5sif,JOO,CS(=O)(=O)c1cccc(c1)N2C=CC(=O)C(=N2)c3ccnn3c4cc(ccc4F)F,428.412,2.2,2022,True,exact_substring,0.052083333333333336,5si5,0.05102040816326531,5sh0,6
5shs,JIS,c1ccc2c(c1)cccc2Cn3c4c(c(ncn4)N5CCCCC5)nn3,344.413,2.3,2022,True,exact_substring,0.06976744186046512,5sih,0.07446808510638298,5sju,45
5shj,JGI,Cn1c(c(cn1)C(=O)N2CCC2)C(=O)Nc3cccc(c3)C(=O)Nc4ccccc4,403.434,2.3,2022,True,exact_substring,0.08823529411764706,5si8,0.10227272727272728,5sh0,0
5sh9,JAP,Cc1cnc(c2n1nc(n2)CCc3nc(nn3C)N4CCC(C4)F)C,344.39,2.06,2022,True,exact_substring,0.14285714285714285,5siy,0.09183673469387756,5sko,2
5sh3,J2L,Cc1c(n2c(n1)c(cc(n2)CCc3nc(nn3C)N4CCCC4)S(=O)(=O)C)C,403.502,1.98,2022,True,exact_substring,0.0975609756097561,5siq,0.09090909090909091,5sko,2
5sgv,IYW,c1ccc(cc1)CN2C=CC(=O)C(=N2)c3ccnn3c4ccccc4,328.367,2.0,2022,True,exact_substring,0.05154639175257732,5si8,0.043010752688172046,5sfl,6
5sgp,IYD,Cn1c(c(cn1)C(=O)N(C)CCOC)C(=O)Nc2ccn3cc(nc3c2)c4ccccc4,432.475,1.95,2022,True,exact_substring,0.1320754716981132,5sdy,0.09649122807017543,5sf4,0
5sgi,IX9,Cc1cccc(c1)Oc2c3c([nH]cn3)nc(n2)N4CCN(CC4)c5ccccn5,387.438,1.97,2022,True,exact_substring,0.07692307692307693,5si5,0.06862745098039216,5sko,44
5sgf,IWY,CCCNC(=O)c1c(cnn1C)C(=O)OCC,239.271,2.3,2022,True,exact_substring,0.10526315789473684,5si5,0.08860759493670886,5sh0,0
5sg7,IVY,c1ccc(c(c1)n2c(ccn2)C3=NN(C=CC3=O)c4cccc(c4)C(F)(F)F)F,400.329,2.3,2022,True,exact_substring,0.05,5siy,0.04081632653061224,5ske,6
5sfy,IQV,Cc1cnc(c2n1nc(n2)C=Cc3nc(nn3C)c4c[nH]nc4)C,321.34,2.08,2022,True,exact_substring,0.0625,5siy,0.054945054945054944,5skr,28
5sfw,IQF,CCc1ncc(c2n1nc(n2)CCc3nc(nn3C)N4CCCC4)C,340.426,2.15,2022,True,exact_substring,0.08974358974358974,5siq,0.07291666666666667,5sko,2
5sfu,IQ3,c1cc(nc(c1Nc2cncnc2)C(=O)Nc3cnccc3C(=O)N4CCCC4)C5CC5,429.474,2.4,2022,True,exact_substring,0.102803738317757,5si8,0.12,5sju,5
5sft,IOZ,Cc1cnc(c2n1nc(n2)CCc3nc(n(n3)C)N4CCCC4)C,326.399,2.32,2022,True,exact_substring,0.08641975308641975,5sih,0.08888888888888889,5sko,2
5sfs,IOU,Cc1cnc(c2n1nc(n2)CCc3nc(nn3C)N4CCC(C4)C)C,340.426,2.24,2022,True,exact_substring,0.11827956989247312,5siy,0.09195402298850575,5shr,2
5sfr,IOI,CCN(C)C(=O)c1cnn(c1C(=O)Nc2ccn3cc(nc3n2)c4cccc(c4)OCCF)C,465.48,2.04,2022,True,exact_substring,0.09401709401709402,5sdy,0.07258064516129033,5sf4,3
5sfq,IO7,Cn1c(c(cn1)C(=O)N2CCC2)C(=O)Nc3ccn(n3)CC(F)F,338.313,2.21,2022,True,exact_substring,0.1111111111111111,5siq,0.125,5sh0,0
5sfo,ILZ,Cn1cc(nc1CCNC(=O)c2c(cnn2C)C(=O)N3CCC3)c4ccccc4,392.454,1.96,2022,True,exact_substring,0.11320754716981132,5si8,0.11827956989247312,5sh0,0
5sfm,ILN,Cn1c(c(cn1)C(=O)N2CCOCC2)C(=O)Nc3cc4nc(nn4cn3)c5ccccc5,432.435,2.16,2022,True,exact_substring,0.11711711711711711,5si8,0.0784313725490196,5sh0,0
5sfj,IKZ,Cn1c(c(cn1)C(=O)NCc2ccccn2)C(=O)Nc3ccn4cc(nc4n3)c5ccccc5,452.468,2.41,2022,True,exact_substring,0.0660377358490566,5sg5,0.06796116504854369,5sh0,0
5sfi,IKU,Cc1cnc(c2n1nc(n2)CCc3nc(nn3C)N4CCCC4C)C,340.426,2.01,2022,True,exact_substring,0.11494252873563218,5sih,0.11764705882352941,5shr,2
5sfh,IKO,Cc1cnc(c2n1nc(n2)CCc3nc(nn3C)N(C)C4CC4)C,326.399,2.29,2022,True,exact_substring,0.12359550561797752,5siy,0.12345679012345678,5shr,2
5sfd,IKB,Cc1cnc(c2n1nc(n2)CCc3nc(nn3C)N4CCCCC4)C,340.426,2.05,2022,True,exact_substring,0.09183673469387756,5si8,0.0851063829787234,5sko,2
6ijh,AEO,c1ccc(cc1)N2C(=NNC2=S)CCN3C(=O)c4cccc5c4c(ccc5)C3=O,400.453,2.6,2019,True,exact_substring_no_tag,0.049019607843137254,5si8,0.05102040816326531,5se0,20
8di4,S9I,Cc1ccc(nc1)C2CC2COc3cc(nc(n3)C)NCc4nnc(s4)C,382.483,2.016,2023,True,exact_substring_no_tag,0.0891089108910891,5sgl,0.09345794392523364,5sku,43
